[
    {
        "name": "Bilum 1",
        "price": "K50",
        "image": "12.jpg",
        "contact": {
            "watchApp": "https://wa.me/1234567890",
            "email": "contact@example.com"
        }
    },
    {
        "name": "Bilum 2",
        "price": "K45",
        "image": "12.jpg",
        "contact": {
            "watchApp": "https://wa.me/1234567890",
            "email": "contact@example.com"
        }
    },
    {
        "name": "Bilum 3",
        "price": "K60",
        "image": "2.jpg",
        "contact": {
            "watchApp": "https://wa.me/1234567890",
            "email": "contact@example.com"
        }
    },
    {
        "name": "Bilum 4",
        "price": "K55",
        "image": "3.jpg",
        "contact": {
            "watchApp": "https://wa.me/1234567890",
            "email": "contact@example.com"
        }
    },
    {
        "name": "Bilum 5",
        "price": "K40",
        "image": "5.jpg",
        "contact": {
            "watchApp": "https://wa.me/1234567890",
            "email": "contact@example.com"
        }
    }
]
